name,age,math_score,english_score,afrikaans_score,geography_score,life_orientation_score,average_score,grade
Michael Thomas,24,81.33,27.47,16.22,20.27,43.8,,C
Curtis Miller,19,29.77,93.96,68.7,70.0,88.59,,B
Jordan Williams,21,87.78,54.93,56.61,46.95,42.45,,D
Keith Cruz,19,3.02,42.79,32.36,26.4,66.31,,F
David Vaughn,22,28.38,97.98,51.1,33.97,8.93,,E
Robert Johnson,24,20.56,78.56,97.4,71.11,71.13,,F
Audrey Johnson,23,87.07,80.04,28.4,89.78,4.39,,C
Vanessa Rodriguez,19,45.46,10.48,55.18,66.1,58.99,,B
Ashlee Romero,22,68.24,3.83,14.48,73.54,47.16,,B
Nicolas Padilla,19,56.32,40.59,9.95,21.87,99.1,,C
Sabrina Cooley,19,44.3,6.03,59.15,22.56,40.75,,A
Barbara Adkins,20,39.98,39.98,44.65,10.74,57.11,,E
Ashley Bowman,18,45.53,77.14,31.63,86.41,40.37,,E
Linda Quinn,23,68.64,80.69,59.04,97.33,42.28,,F
Bradley Howard,24,71.04,60.25,1.45,46.39,9.61,,A
Robert Martinez,24,94.91,60.38,12.85,40.75,68.93,,C
Brian Jones MD,18,13.01,40.27,84.25,98.25,88.19,,F
Michael Perez,23,6.89,46.47,77.64,9.68,21.76,,D
Kimberly Gibson,25,51.6,39.25,23.88,5.53,6.01,,D
Kaitlyn Arias,19,33.8,34.0,66.19,74.45,47.13,,E
Fernando Mathews,22,11.45,62.81,56.68,94.26,59.21,,C
Kevin Johnson,23,71.51,13.76,7.06,78.99,83.53,,F
Joshua Gonzalez,18,8.84,78.61,55.05,68.42,78.16,,C
Edward Miller,19,49.07,71.39,10.75,60.53,62.0,,C
Raymond Santos,23,76.82,99.89,22.9,52.71,96.83,,E
James Hampton,24,4.48,31.81,91.1,98.49,97.62,,D
Dave Moon,18,91.71,78.1,24.19,18.35,74.94,,B
Andrea Tran,19,4.88,21.99,65.15,76.34,78.61,,E
Jennifer Carr,23,56.89,80.92,7.92,13.75,28.83,,C
Mrs. Sharon Coleman DVM,24,31.81,96.59,53.84,50.05,32.72,,B
Justin Gilmore,18,24.36,6.68,51.92,55.96,59.96,,B
Lauren Alexander,24,68.0,99.18,93.1,60.46,21.4,,F
Linda Kennedy,23,93.99,90.05,33.21,46.98,12.86,,E
Eric Santos,20,94.5,98.93,74.38,92.51,94.23,,E
Daniel Carter,22,1.37,21.41,65.74,51.73,9.9,,B
Karen Miller,19,2.33,56.21,88.1,45.63,14.41,,A
Kristina Johnson,24,13.01,48.13,11.59,70.77,29.38,,A
Philip Thomas,19,58.67,28.72,79.68,81.19,74.47,,D
Tiffany Newman,20,7.03,94.6,27.98,80.19,98.31,,B
Olivia Yoder,24,26.1,58.96,13.62,91.4,96.16,,F
Melissa Thompson,18,12.02,16.64,61.64,20.96,25.81,,C
Jimmy Nguyen,24,13.19,65.64,88.38,2.96,88.88,,A
Rachel Acevedo,22,19.92,81.06,63.31,48.86,63.37,,E
Richard Thompson,24,78.46,83.38,80.63,50.42,14.73,,C
Terrence Gray,23,37.74,39.98,46.28,71.43,70.82,,B
Amanda Young,19,81.61,29.86,34.4,96.2,16.73,,C
Dr. Susan Smith DVM,23,22.09,48.46,61.92,94.27,3.49,,F
Benjamin Watts,23,84.77,3.85,14.66,64.88,63.7,,D
Allison Ramirez,22,26.35,59.61,23.06,1.83,96.58,,A
Ronald Avery,20,67.42,86.32,57.97,68.59,36.28,,B
Yvonne Cox,21,23.62,51.18,81.75,86.62,37.7,,E
Keith Curry,18,44.89,80.41,48.63,64.25,25.71,,E
Allison Harris,19,39.85,94.8,82.05,49.4,82.82,,B
Sarah Werner,24,4.55,25.63,80.41,46.37,71.37,,B
Matthew Leonard,20,98.13,59.49,72.4,56.9,88.69,,E
Debbie Nelson,25,73.72,51.55,34.98,41.79,7.75,,F
Mr. Brady Mcconnell,25,29.22,51.94,49.52,92.01,58.92,,F
Dustin Sandoval,20,61.04,21.54,62.26,30.07,12.47,,B
Lawrence Collins,19,16.65,3.06,34.0,81.57,45.49,,F
Stephen Sanders,23,6.0,79.5,62.93,2.69,50.89,,F
Anthony Smith,22,29.86,47.37,90.53,2.86,91.09,,C
Joseph Bryant,23,43.25,7.43,87.51,46.36,29.29,,A
Morgan Russo,23,50.18,93.29,52.12,21.85,71.6,,C
Gerald Roman,20,84.33,6.25,54.82,70.09,76.73,,E
Denise Franco,19,87.78,79.74,12.62,51.39,40.95,,D
Daniel Brown,20,81.55,4.6,15.15,88.16,0.89,,E
Adam Chen,20,67.87,60.71,21.76,17.43,54.88,,F
Brandi Anderson,22,26.99,37.64,69.25,97.02,47.31,,F
Matthew Gonzalez,21,95.5,58.22,9.82,41.56,14.59,,D
Eric Graves,21,74.42,34.07,52.74,97.94,2.97,,A
David Chang,23,73.46,61.31,36.99,56.96,20.93,,C
Dakota Roberts,20,9.32,18.16,82.25,32.34,80.14,,D
Joseph Harrison,24,38.48,82.21,92.11,53.36,54.15,,D
Paul Vega,22,31.64,47.61,9.59,56.56,15.44,,D
Kathleen Roberts,23,88.91,16.07,85.95,98.86,4.05,,E
Danny Frank,25,39.39,84.08,73.42,98.13,70.13,,B
Jose Moreno,19,93.71,21.09,44.5,62.36,81.39,,F
Brianna Golden,21,25.93,52.17,11.31,45.49,15.06,,A
Ryan Pena,18,59.97,64.66,71.71,64.47,84.63,,D
Mary Brooks,18,74.35,85.3,98.86,43.97,11.66,,E
Jordan Long,18,59.22,33.38,78.42,28.72,71.04,,B
Whitney Potts,20,94.96,81.02,57.69,19.48,32.47,,F
Kelly Davidson,22,99.25,30.41,44.19,54.12,99.19,,D
Ann Warren,18,86.07,68.22,95.84,24.61,61.34,,A
Jillian Ellis,19,47.14,42.12,84.88,65.95,26.33,,E
Joseph Clark,18,23.59,71.78,29.89,36.62,55.57,,D
Dominique Hayes,23,65.27,18.74,28.85,21.17,57.34,,B
Vincent Barker,23,11.76,57.78,83.38,40.15,64.34,,A
Cheryl Murphy,19,70.85,54.49,24.88,67.8,31.41,,F
Dr. Earl Stewart,20,67.05,36.13,92.54,49.87,24.54,,A
Natalie Doyle,25,41.68,6.61,66.29,30.23,71.17,,F
Alex Sandoval,23,27.41,79.2,86.84,92.29,41.97,,E
Justin Robinson,20,32.87,15.2,58.77,14.52,84.82,,E
Ryan Olson,24,70.43,43.32,5.45,96.99,38.57,,B
Leslie Adams,24,73.01,97.39,21.72,88.65,72.87,,D
Stephanie Johnson,18,93.27,45.97,8.34,30.62,3.86,,B
Kaitlyn Johnson,24,11.09,69.86,84.57,48.39,98.14,,F
Jasmine Ramirez,25,77.38,9.34,84.6,75.95,41.65,,D
William Snyder,19,5.69,27.0,30.27,52.47,37.39,,C
John Ramos,20,1.22,41.26,64.35,46.67,15.19,,C
Rebecca Moran,25,27.23,31.02,12.23,25.41,89.09,,D
James Williams,19,94.59,29.22,53.14,8.26,6.31,,C
Mark Holland,23,34.1,21.67,81.57,42.31,14.69,,B
Amber Hicks,21,38.58,19.65,34.13,28.15,91.54,,E
Dylan Martinez,22,20.71,38.66,50.76,38.62,53.93,,C
Wayne Glass,24,3.67,57.83,86.77,27.45,50.41,,D
Michael Perez,18,26.25,78.23,26.86,81.92,67.03,,F
Alison Johns,19,52.45,21.39,85.4,68.47,76.83,,A
Ryan Peterson,18,84.14,78.3,97.91,41.57,90.47,,E
Stephanie Solomon,23,26.59,62.84,66.42,28.34,52.33,,C
Cody James,23,20.79,58.4,43.95,59.81,44.37,,D
Paul Adams,18,40.23,28.04,42.69,64.47,2.27,,E
Anthony Reed,22,25.65,33.22,4.46,0.74,73.46,,F
Lawrence Richardson,23,32.91,99.05,97.68,5.83,69.66,,F
Jesse Miller,22,13.4,38.13,53.86,13.43,79.02,,C
Daniel Rivera,19,15.11,49.9,30.06,94.52,57.07,,F
Yesenia Olson,25,0.97,18.45,25.82,60.0,47.52,,E
Scott Decker,19,63.7,86.78,98.23,51.24,32.22,,B
Kimberly Zimmerman,25,23.73,98.27,25.84,55.63,1.35,,E
Tonya Everett,22,98.7,18.14,9.17,83.16,89.11,,D
Jared George,22,19.32,2.11,59.33,38.98,55.62,,E
Anthony Williams,23,46.85,47.65,48.69,19.91,76.35,,A
Steven Luna,24,43.22,81.05,56.52,97.46,31.42,,F
Melissa Grant,19,47.84,90.07,62.23,37.67,58.31,,A
Tiffany Mosley,24,59.62,16.6,18.89,34.29,8.54,,A
Paul Stanley,25,5.75,22.86,81.34,67.33,96.6,,B
Rachel Nichols,25,41.24,42.95,27.11,78.47,66.46,,B
Jennifer Hawkins,18,85.72,29.87,42.66,7.55,36.99,,C
Christopher Summers,25,14.69,10.96,98.92,63.47,14.28,,C
Ms. Maria Johnson,21,32.62,50.67,53.83,13.18,12.56,,D
Robert Jefferson,19,46.32,78.89,40.41,36.4,40.79,,B
Jason Johnson,20,14.18,56.89,87.94,99.31,73.6,,C
Brooke Carroll,19,82.87,72.43,13.18,20.88,40.6,,B
Sharon Green,25,90.64,9.08,89.14,74.4,32.57,,C
Donald Lopez,22,77.45,75.43,19.57,87.13,49.49,,D
Brittany Kim,25,59.44,26.28,8.56,89.76,38.6,,A
Leslie Williams,19,0.66,50.34,34.39,55.46,56.63,,B
Robert Warren,20,40.75,89.48,21.06,10.1,76.94,,E
Christopher Haynes Jr.,18,66.98,25.15,81.21,2.02,57.69,,A
Evan Hart,25,73.71,6.96,78.59,35.71,91.36,,E
Margaret Fuller,18,23.12,81.03,3.53,42.98,94.99,,F
Jeffrey Trevino,19,90.08,19.37,58.16,68.19,16.49,,C
Kathryn Robertson,20,90.05,41.58,23.37,69.3,60.49,,C
Michael Johnson,19,46.85,91.89,70.92,31.27,42.73,,E
David Jones,18,7.24,98.23,67.03,5.59,42.89,,A
Charles Schroeder,25,71.9,19.25,59.89,26.34,57.15,,B
Gregory Johnson,18,21.29,69.0,14.88,79.3,43.12,,C
Linda Williams DDS,23,81.18,17.99,14.87,16.2,21.11,,C
Sarah Shelton,18,99.64,59.25,27.51,16.01,88.04,,E
Lorraine Ramos,24,60.17,36.41,86.27,62.9,42.66,,C
Jacob Weaver,19,20.54,17.66,90.29,75.87,11.73,,E
Jeffery Caldwell,20,76.41,80.32,89.89,29.33,42.79,,F
Maria Hicks,20,65.03,15.8,35.32,35.75,28.03,,D
Olivia Bailey,25,59.1,79.08,40.35,67.53,54.06,,B
Carmen Nelson,21,23.75,38.92,52.41,82.54,40.65,,E
Jason Stewart,23,5.03,40.36,92.26,20.81,94.4,,C
Gregory Freeman,22,7.21,74.53,51.5,91.26,8.5,,E
Brianna Poole,22,38.72,53.22,92.7,49.49,63.73,,F
William Jackson,23,94.6,68.22,97.58,66.67,31.34,,E
Julie Chaney,21,95.56,39.32,67.76,3.87,88.47,,E
Lisa Shelton,24,83.06,78.01,84.23,52.64,44.64,,D
Jill Schneider MD,23,0.97,32.95,91.92,81.36,97.8,,A
Amy Adams,19,0.36,90.5,22.86,51.64,14.31,,C
Joshua Wood,18,35.29,1.57,38.03,57.9,18.1,,F
Ronnie Lamb,20,12.75,26.94,60.31,32.65,32.45,,A
Sherry Larsen,21,69.02,35.35,30.68,28.86,86.29,,D
Jeffrey Marsh,19,60.74,8.1,4.58,52.39,90.99,,B
Karen Reese,21,63.16,44.63,32.3,34.69,95.02,,E
Lauren Harris,22,62.06,11.42,62.57,92.3,34.96,,B
Debra Henry,19,0.9,53.6,43.47,48.43,57.03,,E
Roger Fox,19,57.51,71.6,17.83,28.73,78.26,,F
Amanda Simpson,24,51.95,20.71,88.44,10.79,2.61,,B
Elizabeth Barnes,19,50.64,81.54,49.92,50.59,31.75,,F
Mark Martin,19,85.85,85.43,88.43,52.69,62.1,,B
Deanna Daniel,21,71.61,43.3,7.97,36.11,3.42,,D
Stephanie Warren,23,60.52,67.92,51.8,84.3,66.15,,F
Dana Brewer,23,60.54,65.5,2.2,77.5,85.0,,C
Mark Cantu,18,43.05,15.04,66.07,31.13,20.64,,A
Benjamin Goodman,22,25.79,28.45,21.69,97.18,84.48,,E
Dawn Price,18,48.19,50.78,39.26,15.65,51.93,,A
Michael Baker,18,56.89,78.54,63.52,24.17,35.22,,B
Danielle West MD,19,61.02,45.41,39.63,40.87,32.11,,A
Fred Blankenship,24,51.41,12.51,7.39,65.85,86.53,,D
Kimberly Weiss,21,99.51,45.44,20.07,88.41,32.8,,E
Anne Moore,25,94.74,42.03,80.6,8.1,17.42,,A
Kenneth Wiggins,21,94.92,36.88,62.41,80.95,3.94,,E
Ronald Sullivan,25,73.64,89.41,57.16,32.14,84.71,,E
Erica Cline,19,97.23,34.04,32.58,45.51,83.94,,A
Lee Marsh,20,64.04,49.15,25.7,31.33,2.3,,F
Maria Graves,23,15.22,73.9,40.39,11.85,82.78,,F
Angel Hoover,20,1.25,88.92,44.63,95.78,64.89,,E
Timothy Gardner,23,68.76,18.71,6.35,89.11,22.58,,C
Donna Johnson,22,53.06,43.45,22.26,30.18,81.43,,F
Beth Flores,18,73.61,25.75,73.9,90.61,41.84,,E
Katelyn Garza,18,29.21,37.91,31.58,38.47,86.5,,D
Thomas Thomas,21,85.43,40.02,39.56,57.97,79.6,,F
Zachary Rivas,24,87.94,58.71,28.48,44.25,74.64,,D
Dominique Petersen,25,0.44,53.23,93.71,55.81,97.28,,C
Jennifer Mccann,18,84.93,13.21,8.32,43.18,52.47,,C
Maria Ruiz,18,95.06,99.73,80.2,78.35,11.59,,C
Loretta Hall,24,36.08,4.55,9.47,69.97,29.47,,D
Sarah Hammond,19,30.88,26.2,71.51,60.45,58.23,,C
Pamela Myers,22,77.52,26.31,89.98,86.55,31.19,,B
Nicole Anderson,19,56.02,75.43,60.63,90.05,6.32,,D
Jessica Patel,23,12.95,97.4,51.62,26.8,11.43,,E
Jamie Walker,18,30.57,86.59,44.55,89.14,93.24,,E
Karen Perkins,25,92.84,86.88,33.98,53.54,56.7,,B
Jacob Barajas,19,54.71,73.16,49.52,33.75,52.62,,D
Kimberly Steele,20,6.46,55.23,51.25,63.46,44.76,,A
Jessica Thomas,24,9.29,40.91,95.31,77.94,15.98,,A
Jennifer Holmes,21,91.85,92.39,81.99,15.06,39.76,,D
Timothy Becker,19,47.55,95.39,68.71,50.48,56.89,,E
Cassandra Dougherty,23,50.66,58.86,84.31,9.23,1.85,,C
Todd Norton,20,5.47,15.5,68.65,66.13,71.2,,B
Paula Gonzales,22,16.43,30.08,94.73,99.03,82.43,,F
Daniel Campos,22,2.32,91.33,14.76,81.75,7.56,,B
Emma Charles,19,61.44,34.85,10.42,20.88,97.09,,B
Tamara Robinson,20,93.59,86.6,31.99,27.35,98.49,,A
Albert Reed,22,47.44,86.01,27.82,92.18,75.47,,E
Eric Bryant,18,45.45,49.13,72.38,75.12,52.77,,C
Christopher Brown,25,82.55,77.05,62.82,55.01,0.28,,C
Nicolas Douglas,18,30.73,18.02,99.58,25.66,75.44,,F
Chad Watson,22,71.88,27.02,14.46,2.48,51.05,,E
John Smith,19,79.06,92.83,21.38,73.12,73.52,,E
Henry Little,23,50.66,30.87,91.94,84.65,65.22,,C
Janice Simmons,21,47.09,89.55,23.92,82.56,5.46,,B
Joshua Jimenez,25,44.68,75.6,48.09,45.78,10.96,,F
Dale Baker,21,93.79,80.32,64.2,12.38,67.29,,D
Jill Williams,19,60.66,29.29,79.37,25.21,83.26,,A
Phillip Copeland,21,95.35,63.89,68.38,83.15,55.5,,D
Christine Brooks,19,62.85,65.04,95.05,79.02,98.46,,B
Jeff Reyes,25,50.61,93.42,85.18,93.42,56.63,,E
Derek Harmon,24,99.05,62.5,81.48,40.4,63.29,,F
Madison Baker,20,56.71,95.71,29.07,35.63,84.4,,A
Lorraine Wright,22,81.49,59.61,57.45,24.53,5.14,,D
Kathryn Singh,22,60.84,23.9,67.98,87.32,73.87,,E
Katherine Guzman,23,53.54,61.49,12.46,95.62,14.69,,E
Deborah Griffith,18,51.76,14.94,32.36,52.35,78.33,,E
Christine Walker,24,52.73,27.75,20.83,89.51,84.19,,F
Karen Sanchez,19,95.28,78.35,28.32,76.57,23.64,,A
Christopher Garcia,20,23.47,26.56,39.54,13.78,15.75,,A
Victoria Johnson,18,0.95,66.0,11.19,65.67,28.06,,A
Kevin Rodriguez,23,98.56,6.71,10.61,41.32,98.84,,D
Sheri Johnson,22,54.39,86.72,33.44,15.93,0.94,,D
Jade Rodgers,19,18.61,71.95,63.77,40.13,68.84,,D
Mary Camacho,24,97.43,89.69,69.97,4.46,41.08,,E
Mike Mckenzie,23,51.99,54.76,30.03,26.72,71.51,,E
Thomas Hines,24,78.7,78.82,7.85,45.6,25.76,,E
Danielle Barron,19,13.67,30.85,18.09,77.18,17.14,,D
Paula Rocha,22,39.46,52.22,77.01,12.18,37.17,,D
Russell Wright,19,41.71,49.78,47.92,75.92,56.75,,B
Pamela Clark,24,69.38,12.54,48.85,36.8,83.91,,E
Carlos Davis,18,36.45,57.02,5.19,76.49,97.62,,F
Matthew Armstrong,24,83.03,92.48,42.23,66.07,66.89,,C
Rick Rivera,25,62.91,8.87,55.9,31.44,34.16,,D
Gilbert Schmitt,19,80.13,14.6,88.5,48.17,71.51,,B
Corey Weaver,25,25.06,6.32,55.43,0.41,8.28,,C
Erica Peterson,22,18.31,4.46,34.12,47.87,38.04,,C
Sandra Watts,19,23.34,18.08,36.34,19.89,59.52,,C
Jacob Arnold,24,10.39,31.47,52.1,46.84,88.34,,E
Lauren Coleman,22,67.68,8.83,52.21,57.62,12.6,,D
Stephen Shepard,18,18.54,41.61,48.66,20.88,55.88,,C
Susan Carroll,18,85.92,85.1,72.37,48.45,31.74,,F
Tracy Jones,22,16.62,23.6,58.2,16.37,17.27,,E
Jeffery Carter,22,12.57,77.39,1.83,82.17,78.24,,D
Beth Tapia,20,86.7,0.97,34.14,14.53,94.48,,A
James Little,25,3.99,49.45,89.44,31.55,75.12,,E
Andrea Perez,25,43.51,96.9,32.71,57.58,32.34,,A
Michael Martinez,21,83.43,7.26,88.79,30.26,99.61,,B
Janet Gordon,20,5.04,69.98,95.53,19.07,36.43,,B
Paul Ortega,20,3.34,88.55,42.1,42.44,65.26,,E
Yolanda Hopkins,19,91.91,76.38,65.87,61.24,36.79,,C
Ryan Garrison,20,26.54,57.81,99.09,99.35,3.94,,D
Heather Charles,22,52.01,2.38,34.22,53.7,80.15,,B
Laura Cooper,20,5.42,24.73,80.92,58.13,96.39,,B
Jessica Johnson,20,34.24,61.79,40.95,3.8,63.8,,A
Jason Graham,20,61.3,0.88,0.14,85.68,30.41,,B
Shane Adams,18,82.11,59.02,3.6,50.12,35.35,,E
Jose Moore,21,35.89,82.64,34.66,67.14,75.28,,A
Melissa Valdez,20,74.54,53.91,53.07,86.66,42.04,,C
Andrea Rosales,24,51.88,58.86,79.02,42.39,79.69,,B
Kelly Tucker,18,32.61,65.71,54.46,21.09,3.12,,C
Taylor Pratt,25,92.94,81.01,48.91,91.02,61.26,,F
Christopher Warner,21,85.27,61.32,92.22,94.6,71.94,,D
Jenny Santiago,21,77.93,34.05,15.06,10.11,38.12,,D
Alexandra Rosales,21,25.89,78.42,48.73,32.98,55.01,,D
Sylvia Hayes,24,80.9,58.91,93.06,70.32,35.18,,F
Justin Payne,20,82.18,50.61,14.89,2.71,2.91,,E
Sherry White,25,32.26,88.38,73.19,20.74,31.41,,E
Maria Bryant,25,27.05,78.26,20.55,18.13,93.34,,C
Paul Harmon,21,20.45,78.07,81.82,97.03,48.73,,C
Ralph Hayes,24,65.99,84.61,79.9,5.24,33.81,,E
Kevin Liu,22,7.44,17.81,29.88,59.25,5.4,,B
Lisa Sloan,25,64.3,60.12,78.59,18.75,64.7,,B
Christina Adams,19,42.31,21.51,26.69,65.69,18.61,,D
Daisy Hall,24,28.87,30.61,43.33,53.93,11.96,,C
Kelsey Franco,24,87.4,7.32,87.9,23.47,86.64,,A
Darryl Mcdaniel,22,32.88,3.19,4.42,70.19,55.4,,C
Amanda Torres,18,38.97,10.66,55.51,67.52,74.89,,F
Dominic Thompson,25,31.13,53.99,98.54,43.69,63.82,,E
Brent Herrera,22,30.28,44.06,10.53,46.9,75.98,,D
David Bates,21,21.37,5.66,17.55,76.23,3.04,,F
Tara Yang,19,51.01,8.49,26.11,36.97,86.91,,B
Elizabeth Green,19,2.39,71.43,46.92,39.62,80.9,,E
Misty Simmons,19,61.29,55.89,95.46,93.65,13.79,,D
Kristy Mitchell,25,54.37,49.07,87.24,62.73,99.83,,E
Ryan Foster,25,77.97,34.61,32.77,64.44,56.35,,A
Nicholas Moyer,21,20.06,40.5,46.1,2.17,63.53,,A
Bryan Roberts,21,13.28,85.6,20.74,98.39,75.82,,B
Christopher Scott,21,42.32,62.42,75.87,19.93,75.59,,B
Mrs. Melissa Flores,23,46.05,89.29,95.37,44.78,84.72,,B
Debra Jimenez,24,99.19,31.62,9.99,7.6,62.21,,D
Timothy Hall,24,26.43,34.26,30.85,67.0,63.39,,A
Ryan Sanchez,22,35.22,29.03,74.64,74.63,23.85,,E
Christine Copeland,23,93.55,24.98,74.83,78.01,31.8,,E
Amber Cook,21,32.36,36.11,38.87,87.12,50.83,,D
Tyler Floyd,22,69.15,75.37,11.18,31.87,3.43,,D
Anthony Allison,20,26.89,96.13,71.01,29.37,7.0,,C
Mrs. Elizabeth Martinez MD,25,40.11,59.66,52.2,79.15,7.59,,B
John Evans,20,25.35,4.18,53.13,64.73,74.92,,C
Tiffany Grant,20,44.15,61.52,81.46,21.35,39.25,,B
William Barnett,21,67.0,62.35,61.21,54.09,13.97,,B
Daniel Alvarado,20,60.59,70.6,42.01,30.35,87.73,,A
Sharon Bentley,25,21.51,99.28,3.8,16.67,82.22,,C
Monica Carter,25,73.07,35.53,60.0,47.98,98.79,,C
Donald Brown,25,10.28,75.07,10.03,62.05,33.3,,F
Monica Phillips,20,92.1,98.57,7.3,80.52,92.03,,C
Edward Bernard,20,81.32,93.89,79.08,32.3,59.71,,E
Eric Henry,22,90.85,30.57,1.06,20.6,54.72,,C
Mary Green,22,24.56,12.96,71.08,3.32,91.7,,A
Anita Mcguire,19,9.58,97.14,38.68,26.99,50.94,,C
James Smith,23,78.58,44.07,93.92,12.02,7.54,,A
David Little,21,96.87,47.1,15.95,53.73,83.43,,E
Diana Salinas,23,11.65,92.08,24.77,35.96,69.7,,A
Joseph Ryan,25,91.29,31.58,34.48,53.73,3.63,,C
Elizabeth Robinson,18,81.47,90.91,50.92,88.55,51.31,,C
Michael Glenn,19,14.52,9.75,52.41,28.11,79.86,,B
Allison Kaufman,19,18.62,7.98,46.78,79.68,82.35,,A
Jeff Miller,24,43.5,81.84,48.0,70.31,86.87,,B
Andrew Martinez,24,23.55,56.99,34.25,84.71,3.71,,B
Todd Roy,22,5.7,33.8,58.17,50.87,81.45,,C
Ashley Day,19,24.09,99.83,30.78,5.51,69.75,,D
Richard Brown,24,86.04,24.9,42.53,79.44,42.17,,E
Joshua Richards,22,72.45,67.48,5.27,82.06,95.16,,A
Michael Watkins,24,44.28,52.39,35.25,54.73,10.38,,E
Glen Henderson,19,10.77,30.14,71.77,85.56,59.67,,A
Robert Estrada,23,80.44,68.84,20.77,69.76,20.89,,C
William Parker,20,12.62,64.89,92.59,45.13,6.83,,D
Thomas Bender,21,5.77,45.62,68.82,32.97,50.28,,E
Rebecca Estrada,23,11.74,26.42,63.19,30.26,26.52,,D
Samantha Watson,20,55.54,91.09,82.08,99.49,49.81,,A
Christopher Ingram,19,49.26,66.41,46.79,98.37,25.43,,F
Kristen Ware,21,85.71,59.23,52.66,12.24,67.86,,A
Kathleen Hess,22,62.87,54.93,60.35,80.62,17.06,,C
Richard Roberts,22,0.47,66.32,93.14,93.61,36.47,,F
Geoffrey Blake,24,37.34,10.12,7.47,3.98,40.06,,C
Morgan Bishop,25,67.73,96.49,36.39,55.92,66.91,,D
Tanya Mack,19,92.2,52.42,25.74,90.85,23.98,,C
Allen Sandoval,20,49.49,79.69,82.12,77.52,43.86,,D
Cody Stephenson,21,47.27,69.52,6.76,53.73,83.05,,B
Christopher Brooks,18,90.65,34.16,56.81,43.95,72.26,,A
Ashley Paul,21,95.29,81.95,91.35,97.38,65.83,,A
Lisa Smith,19,99.96,58.65,91.77,66.69,18.23,,F
Eric Brown,19,55.32,98.56,90.58,11.96,89.23,,D
Kristen Kline,24,28.47,38.94,43.05,99.14,41.63,,F
Robert Pierce,22,42.37,47.01,21.56,71.01,15.22,,C
Oscar Bernard,20,52.43,33.69,43.3,33.3,67.86,,F
Randy Wright,23,18.12,48.75,45.44,37.1,58.67,,B
Thomas Lee,20,79.04,71.17,31.35,82.16,19.14,,B
Brandon Walker,19,76.42,57.42,2.52,83.11,22.21,,E
Jeffery Hanson,24,17.79,90.39,97.37,28.88,42.36,,A
Julia Mitchell,20,91.93,86.31,32.04,64.66,42.36,,F
Trevor Nash,24,4.53,17.47,30.08,30.41,83.09,,B
Victoria White,21,66.32,26.12,10.43,56.09,16.6,,F
Travis Mckinney,18,66.42,16.38,0.23,41.27,97.88,,B
Julia Conner,19,61.34,3.97,20.4,32.85,62.5,,E
Laura Flores,25,66.94,53.25,14.25,7.66,97.83,,F
Laura Garcia,25,55.33,44.98,27.02,54.66,5.25,,F
Haley Lam,18,85.89,5.97,57.03,48.11,75.9,,E
Shaun Rice,21,8.76,47.72,11.19,23.37,17.53,,F
Kathleen Young,18,26.69,22.4,66.67,76.61,56.41,,B
John Smith,24,61.96,11.3,43.92,80.67,25.56,,B
Wanda Keith,21,5.6,73.16,99.24,24.37,11.08,,A
Carrie Carter,20,34.13,83.9,39.62,40.98,43.54,,C
William Haynes,22,42.51,19.27,29.34,17.28,34.23,,B
Brooke Hanna,20,55.3,12.75,19.46,36.36,2.53,,F
Daniel Roberts,25,45.73,64.52,36.06,29.69,32.05,,B
Kevin Campos,18,2.61,82.15,75.49,73.14,30.57,,B
Thomas Flynn,18,12.02,80.97,63.3,87.89,27.34,,B
Steve Hall,18,58.64,57.95,71.87,77.73,33.39,,B
Amanda Beck,20,16.05,5.66,65.15,73.35,88.31,,C
Jennifer Sherman,20,37.08,73.88,87.09,36.96,53.98,,E
Daniel Gordon,23,57.48,67.37,15.4,21.32,51.28,,F
Marcus Floyd,22,97.96,37.38,67.26,46.19,53.95,,F
Jill Cunningham,24,76.8,31.58,37.77,66.56,21.87,,D
Cory Robinson,18,37.48,7.81,9.16,88.91,47.74,,C
Michael Ortiz,25,8.38,3.77,86.9,52.35,6.95,,B
Terrance Schultz,18,78.3,10.22,73.03,89.37,58.11,,E
Teresa Young,21,32.58,66.2,23.21,12.9,56.55,,B
Tyler Guzman,18,21.05,64.51,78.39,70.83,49.56,,D
Dennis Lopez,24,78.46,26.68,42.03,76.91,82.24,,A
Joshua Hall MD,25,91.77,35.82,33.77,97.29,68.52,,A
Michael Thomas,24,64.63,48.77,65.73,93.77,18.24,,B
George Phillips,20,25.69,92.81,64.55,32.25,11.87,,A
John Humphrey,21,23.01,5.6,45.89,24.17,63.85,,E
Isaac Hill,22,6.8,39.64,70.89,65.61,88.32,,A
Mark Smith,23,17.99,70.3,99.62,49.62,33.43,,C
Allison Taylor,19,38.9,3.95,78.26,75.61,70.4,,B
Destiny Callahan MD,18,32.38,9.64,57.94,43.7,32.66,,E
Jonathan Chan,23,70.67,39.95,35.82,80.15,79.95,,B
Jeff Robinson,21,17.22,90.03,85.34,99.78,9.24,,A
Shirley Phillips,21,78.44,58.57,38.26,6.54,55.56,,E
Ashley Davis,18,89.21,16.73,54.96,31.4,99.01,,A
Kenneth Rodriguez,21,79.49,99.07,38.01,77.62,33.72,,C
Andrea Reed,19,11.12,92.02,60.62,93.09,80.79,,A
Timothy Dixon,22,44.11,65.33,91.61,99.19,98.66,,E
Debbie Campbell,24,34.33,20.94,66.81,51.0,67.85,,D
Maxwell Soto,19,15.5,90.03,82.81,12.77,12.88,,D
Alexandra Newman,22,94.22,14.83,85.86,53.27,25.89,,B
Charles Harris,20,83.23,28.0,75.05,37.79,53.02,,D
Katie Trujillo,25,39.6,47.09,66.82,18.99,37.88,,E
Katherine Harris,24,60.41,44.01,84.08,25.74,2.94,,D
Jimmy Smith,20,28.84,52.36,33.16,17.63,21.9,,E
Edward Calhoun,24,1.99,71.97,45.91,50.67,75.11,,C
Daniel Pennington,24,74.33,43.88,87.69,6.62,31.33,,F
Ralph Nichols,23,96.46,86.9,63.31,37.1,30.5,,F
Cynthia Thomas,24,0.11,22.28,67.6,16.28,8.88,,C
Erin Cooke,21,64.03,81.34,64.17,82.54,43.97,,C
Joseph Cole,20,79.4,82.25,40.02,16.28,42.51,,D
Ashley Lynch,23,3.14,15.08,34.0,82.97,72.17,,F
Janice Huerta MD,25,19.4,37.91,69.86,90.26,1.76,,A
Timothy Acosta,21,10.82,31.19,64.1,88.89,61.94,,F
Kristi James,23,39.38,86.21,89.73,53.4,35.48,,C
Michael Moody,18,73.2,26.9,10.03,66.39,29.11,,F
Christy Powers,20,25.92,20.81,43.76,66.68,61.19,,E
Cynthia Johnson,25,71.12,98.31,23.92,99.46,0.26,,C
Stephen Bryant,23,92.62,79.63,37.16,80.5,52.68,,A
Charles Harris,25,49.09,6.29,22.23,93.56,8.07,,E
Jason Flores,21,48.0,10.84,95.22,9.38,20.73,,E
Russell Robertson,20,76.67,69.33,96.67,10.61,45.02,,D
Diana Williams,25,20.93,37.37,40.35,43.56,95.34,,E
Todd Ryan,19,21.8,64.32,45.94,13.3,33.3,,E
Joel Oconnell,25,43.56,16.75,70.01,18.49,23.54,,A
Richard Wright,21,23.3,16.11,10.64,87.02,28.39,,A
Donna Perkins,21,4.82,30.69,54.91,94.18,57.63,,F
Sean Joyce,25,36.37,28.16,88.49,5.39,85.78,,F
Peggy Lewis DVM,18,48.49,99.57,75.08,0.65,45.99,,B
Dr. Michael Aguilar,25,37.75,78.29,74.34,89.96,25.63,,B
Alexander Stephens,19,43.56,17.85,92.78,6.45,41.68,,F
Jennifer Mccann,21,6.24,22.84,53.5,76.84,67.51,,B
Kendra Davis,18,95.52,62.08,39.92,19.71,64.29,,A
Aaron Tucker,23,3.88,10.71,51.47,55.77,80.41,,B
Erin Lopez,25,34.78,14.93,5.66,23.62,16.95,,A
Nicole Smith,24,21.95,34.19,51.97,51.06,47.8,,E
Jessica Steele,22,60.63,82.22,97.21,38.67,82.72,,D
Shannon Hall,20,68.34,36.03,84.05,80.23,76.21,,D
Mathew Mendez,19,37.91,61.6,97.61,20.22,80.11,,B
Daniel Davis,23,40.43,73.29,29.43,84.94,99.12,,F
Michael Cohen,24,40.7,89.89,3.75,26.42,62.45,,A
Heather Bailey,22,49.83,65.78,62.25,87.62,48.31,,E
Veronica Morgan,21,96.51,71.4,85.63,87.43,72.2,,D
George Hoffman,22,8.44,14.91,92.71,26.89,67.96,,D
Cynthia Ballard,22,91.99,17.35,82.69,4.58,88.81,,F
Michael Clark,21,49.01,92.83,82.42,39.09,24.76,,F
Jean Williams,20,92.52,75.04,28.06,77.45,75.41,,C
Steven Smith,25,9.93,36.11,85.07,9.51,83.91,,E
Madison Davis,18,22.37,56.49,63.52,97.69,71.63,,B
Tracy Huffman,21,28.0,8.57,77.22,68.26,12.85,,D
Matthew Scott,20,78.96,14.41,98.93,34.08,46.17,,E
Steven Todd,24,2.08,44.44,18.46,52.29,57.63,,C
Rebecca Wyatt,24,86.41,76.06,36.18,59.18,36.53,,F
Troy Davis,22,59.99,54.81,92.77,74.21,62.84,,E
Linda Ross,22,66.39,55.57,62.29,51.49,68.03,,C
Laura Conrad,19,2.25,19.8,75.63,4.95,21.53,,B
Doris Williams,20,90.94,64.6,32.84,87.56,92.77,,E
Lucas Singh,24,20.41,27.68,59.25,78.12,92.61,,B
Brooke Moore,18,15.01,3.27,18.96,49.2,42.03,,F
Laurie Moore,23,57.23,10.51,88.15,39.1,22.43,,A
Nicole Willis,24,12.73,38.91,54.98,65.43,38.8,,F
Ronald Burns,19,9.28,95.75,37.95,46.71,66.31,,C
Mikayla Jackson,23,65.88,16.98,31.53,15.7,27.91,,F
Joshua Spencer DDS,24,15.51,38.37,23.84,69.08,62.04,,A
Michael Hahn,22,19.77,91.03,49.47,8.29,28.58,,E
Mary Lewis,25,55.46,66.4,85.22,85.4,12.48,,E
Christopher Clark,24,50.59,19.19,96.41,76.57,10.98,,B
Jamie Chavez,19,93.9,19.53,18.98,88.04,77.8,,D
Phillip Garcia,20,74.45,36.63,93.96,45.73,77.79,,A
Francisco Manning,18,93.09,77.74,65.09,26.9,63.31,,F
Stephanie Ruiz,21,82.71,48.97,78.1,97.79,51.57,,C
Seth Rodriguez,23,59.84,74.12,91.27,73.07,15.88,,E
Margaret Roberts,18,7.63,89.02,97.9,59.8,99.2,,D
Sarah Young,22,75.57,6.45,66.32,6.97,66.6,,E
Darren Johnson,18,50.94,25.72,38.61,6.92,0.55,,A
Richard Anthony,23,15.38,28.44,28.88,39.17,23.76,,F
Tommy Sullivan,22,41.91,78.67,72.7,26.4,80.61,,F
Mark Brooks,20,80.64,76.55,42.59,84.22,50.41,,E
Noah Aguilar,19,36.08,75.34,15.42,20.75,31.32,,F
Joseph Shah,20,16.4,92.72,88.23,92.45,38.49,,D
Lawrence Rogers,18,88.99,28.15,1.48,12.01,50.68,,E
Erin Sparks,18,21.26,81.11,83.28,77.69,63.78,,E
Whitney Gonzales,19,99.2,66.32,55.19,62.31,29.83,,D
Joseph Barnes,25,81.73,28.32,26.15,75.08,72.79,,C
Alexander Allen,19,1.69,81.71,87.5,92.61,66.47,,C
Robert Rodriguez,19,27.76,26.97,50.66,65.18,82.91,,B
Jade Wood,18,60.03,24.74,69.95,31.57,21.31,,D
Jacqueline Lawrence,19,66.5,71.15,63.8,95.84,18.96,,A
Alan Garcia,20,99.69,11.59,29.02,89.5,95.05,,F
Leslie Walker,25,69.26,33.8,9.81,37.19,51.04,,F
Garrett Torres,18,75.77,0.61,98.55,81.73,36.05,,D
Eric Dawson,18,18.86,48.19,33.84,67.43,54.0,,F
Amy Cordova,22,12.53,56.18,47.71,76.25,69.7,,A
Nicholas Kidd,22,10.19,19.3,14.19,7.71,7.41,,B
John Smith,22,66.7,79.78,12.28,82.39,65.34,,D
Darryl Johnson,18,58.09,67.74,73.56,45.49,5.79,,F
Brittany Harrington,23,91.7,67.33,27.63,7.34,43.66,,A
Derek Valdez,20,41.91,27.2,90.84,97.53,79.17,,D
Melanie Erickson,25,59.91,78.57,75.6,24.51,77.29,,D
Patricia Martin,22,91.62,38.12,94.28,52.36,5.99,,D
Michelle Simpson,23,5.56,58.53,2.75,6.09,9.13,,F
Andrew Santos,20,17.35,61.25,14.1,81.83,45.81,,F
Jonathan Miller,25,10.42,33.27,76.05,26.06,34.17,,A
David Walker,21,40.91,63.34,7.66,57.27,88.1,,B
James Scott,25,51.69,72.22,8.47,63.37,13.9,,B
Tiffany May,23,95.78,84.09,85.7,69.06,42.13,,B
Matthew Sanchez,20,0.65,66.94,88.65,85.24,4.7,,D
Randall Fox,24,12.97,72.72,35.28,96.57,90.27,,B
Kayla Hart,24,10.37,46.48,30.44,30.11,78.5,,F
Donna Hartman,23,12.28,75.08,41.81,90.98,52.26,,F
Scott Chen,23,85.36,19.2,1.17,87.55,39.44,,B
Michelle Martinez,20,99.13,48.94,41.3,70.85,52.51,,D
Michael Johnson,22,63.71,29.66,57.17,96.29,55.55,,C
Amy Wiggins,18,20.01,74.79,28.81,73.79,13.66,,A
Leah Stewart,19,62.52,84.48,21.6,53.95,18.28,,D
Sarah Villarreal,25,16.34,87.76,56.81,56.34,51.86,,B
Anthony Mitchell,19,39.18,4.33,57.82,13.94,49.25,,E
Stephanie Johnson,24,17.29,25.61,83.88,65.91,90.37,,B
Elizabeth Chambers,23,74.67,17.54,38.58,88.58,44.09,,E
Pamela Miller,19,9.01,28.53,13.18,66.24,7.29,,A
Victoria Holland,24,84.63,89.9,30.89,69.98,39.03,,F
Nicholas Mora,22,35.44,14.89,73.1,43.96,52.8,,E
Lauren Boyer,25,95.31,79.58,44.09,99.38,58.99,,C
Jordan Martin,19,24.42,41.93,74.34,13.18,50.04,,B
Charles White,22,86.08,39.33,77.95,68.56,80.07,,A
Mr. Eric French,25,97.63,53.34,26.09,84.32,31.09,,A
Kristin Edwards,21,24.39,87.37,49.09,63.23,27.07,,C
Ryan Martinez,20,60.15,32.82,23.06,44.87,37.71,,F
Austin Miller,24,75.75,14.27,86.04,52.84,62.96,,C
Wendy Vang,24,20.66,94.88,95.97,36.89,62.45,,D
Makayla Jones,22,5.51,92.62,51.83,10.69,98.78,,F
Karen Vazquez,22,35.5,12.14,69.74,24.95,14.3,,F
Jason Martinez,18,58.0,18.04,8.49,79.57,30.78,,E
Nicholas Thomas,19,94.2,98.59,93.42,64.43,6.48,,C
Crystal Ramirez,24,56.86,18.62,38.99,82.55,57.44,,D
Ryan Jordan,23,27.69,61.63,81.78,66.13,63.93,,D
Christina Watkins,21,82.06,4.05,8.35,68.65,88.25,,E
Michael Lewis,21,11.79,81.58,27.71,46.49,92.0,,A
Victoria Howard,20,38.53,98.83,55.02,67.62,3.72,,B
Miss Denise Pugh,21,43.67,18.21,90.36,99.44,22.99,,E
Diana Meyer,23,73.45,70.04,81.84,49.76,87.06,,C
Cynthia Evans,21,44.46,65.78,96.24,80.56,39.29,,B
Brittney Schwartz,19,75.14,35.42,28.88,0.26,40.15,,E
Andrew Jones,22,98.9,85.73,4.52,26.26,23.88,,E
Tyler Gomez,25,91.21,87.25,25.86,62.4,24.11,,A
Stephanie Sutton,22,89.36,57.49,54.96,64.14,47.31,,E
William Welch,18,42.15,45.91,23.77,20.14,48.9,,C
Dana French,22,9.83,37.75,79.05,18.28,89.08,,E
Cynthia Johnson,24,2.6,49.12,63.72,2.75,41.28,,A
Victoria Allison,25,41.7,5.55,50.72,31.56,28.91,,E
Madeline Jackson,21,92.74,62.77,63.45,91.96,66.98,,B
Samantha Dixon,19,79.33,22.47,76.51,14.93,90.78,,D
Carol Burnett,24,22.25,82.52,44.86,33.21,15.13,,F
Andre Walsh,23,4.67,35.13,64.61,80.52,25.97,,D
Angelica Smith,18,19.33,65.25,58.52,46.01,58.5,,A
Anna Simpson,23,69.19,50.93,65.53,72.48,64.08,,B
Austin Duffy,24,9.55,1.6,99.99,58.62,3.99,,E
Vincent Green Jr.,20,44.2,61.68,22.62,57.26,49.56,,C
Stephen Parker,23,58.53,44.74,43.5,40.21,61.44,,F
April Campbell,18,97.06,38.62,34.03,62.72,30.9,,C
Gregory Morrison,21,71.91,66.05,18.45,41.83,11.17,,C
Kendra Campbell,21,5.31,92.54,11.59,68.2,37.24,,D
Stephen Hughes,25,71.53,7.02,12.82,28.57,42.28,,D
Jason Bryant,20,33.3,76.56,4.55,34.41,15.0,,D
Tammy Wallace,25,36.33,48.92,98.73,64.28,9.57,,D
Victoria Smith,22,88.73,83.19,7.55,77.06,82.7,,D
Mike Delgado,24,95.57,37.37,17.32,39.34,68.63,,A
Christopher Collier,25,60.66,18.67,68.85,56.26,5.18,,A
Michael Greene,25,87.94,89.83,31.4,58.0,8.74,,E
William Sharp,24,22.27,53.02,17.72,46.45,94.09,,F
Robert Thomas,25,14.82,46.82,54.28,12.42,74.38,,A
Amber Davis,20,1.31,24.45,7.76,86.76,48.25,,C
Holly Yates,18,48.2,28.24,20.54,50.37,26.98,,D
Kyle Ramsey,20,98.57,4.96,43.26,47.35,67.46,,E
Holly Jackson,18,54.73,56.49,88.77,0.32,98.38,,C
Martin Anderson,25,86.75,6.35,75.06,40.88,62.53,,F
David Johnson,19,4.23,61.65,75.78,90.23,23.39,,C
Ashlee Williams,23,46.73,4.36,30.06,13.12,49.0,,A
Vincent Thompson,23,8.27,66.25,95.34,71.36,32.89,,B
Charles Moore,25,46.77,79.27,28.67,44.97,41.39,,D
Loretta Miller,23,49.66,69.85,87.64,26.03,86.17,,B
Brenda Rosario,18,55.68,81.75,20.92,8.9,35.18,,A
Katelyn Bryan,22,62.15,22.0,73.11,31.24,91.75,,E
Benjamin Crawford,22,35.73,51.57,33.92,81.86,4.49,,B
Ashley Hampton,20,38.06,87.51,66.79,70.9,60.71,,F
Donald Dominguez,23,90.89,92.05,82.7,17.2,95.8,,A
Tony Graham,21,85.55,31.45,99.17,29.3,96.1,,F
Richard Ray,20,38.48,91.01,18.09,88.22,13.37,,F
Katherine Mendez,23,71.0,8.41,0.75,80.95,61.22,,E
Karen Thompson,21,67.69,62.33,46.5,59.89,68.53,,B
Jose Tate,23,1.52,29.34,74.22,27.38,20.16,,C
Mary Campbell,20,29.3,35.12,19.69,91.52,59.1,,B
Laura Contreras,19,88.25,4.84,9.86,28.74,10.32,,E
Dr. Maureen Weaver,19,87.12,52.65,60.68,23.45,56.79,,A
Yvonne Burns,24,81.33,67.71,5.97,55.53,26.68,,F
Kenneth Mclaughlin,23,26.86,38.24,78.41,75.3,1.95,,D
Karen Ford,19,91.34,26.48,17.52,82.04,63.48,,A
Jennifer Watson,20,10.5,68.88,31.39,90.37,7.04,,C
Pamela Dean,21,69.7,95.94,66.43,70.56,58.85,,F
Katherine Reese,23,18.42,10.4,30.58,67.12,83.73,,F
Eric Carter Jr.,21,60.96,56.43,61.65,16.75,16.33,,D
Paul Perez,22,16.86,67.56,86.27,24.71,25.87,,F
Paige Baker,21,35.48,51.71,14.43,30.09,9.92,,F
Katrina Clark,19,30.78,32.11,37.27,22.18,98.54,,B
Tracy Alvarado,23,95.69,66.37,78.05,6.72,71.28,,F
Calvin Holt,21,11.62,82.02,22.24,55.02,86.23,,F
Cody Williams,22,51.38,89.28,33.58,49.94,58.22,,A
James Munoz,20,37.59,24.61,21.96,72.53,48.06,,F
Ashley Aguirre,21,45.68,78.87,68.76,65.5,79.83,,D
Dean Johnson,19,64.74,39.77,33.04,38.65,11.34,,C
Jacob Barrett,24,66.69,76.82,23.08,21.31,22.33,,C
Chad Kelley,18,27.53,19.52,85.63,69.68,17.78,,E
Alison Nelson,22,35.29,26.68,12.74,14.75,7.67,,F
Paul Patel,21,39.11,71.8,6.78,17.68,1.41,,A
Natalie Flores,22,41.06,17.21,52.89,17.88,6.1,,C
Douglas Kim,19,2.53,6.04,20.82,66.82,69.9,,D
Samantha Bailey,19,96.13,66.99,23.31,72.86,98.94,,B
Natasha Bailey,21,18.76,67.31,41.89,57.1,92.55,,F
Bryan Calhoun,25,1.82,9.77,3.8,37.76,23.62,,B
Tony Savage,24,87.38,38.12,62.02,20.88,86.08,,A
Sara Fisher,24,11.21,36.37,32.57,41.51,67.45,,E
Brianna Hamilton,23,75.79,60.42,10.72,14.45,56.36,,E
Catherine Reed,23,57.92,49.89,46.35,11.07,84.79,,F
Brian Gray,24,41.99,74.4,2.83,64.94,87.25,,F
Megan Oliver,20,27.53,30.1,46.89,71.35,16.33,,D
Paul Preston,19,77.48,11.02,44.21,49.16,55.2,,C
Nicholas Jones,21,4.05,53.34,88.68,91.75,18.37,,D
Emily Wright,24,62.9,64.1,87.37,60.28,86.95,,E
Jenny Bowman,19,89.57,71.08,61.48,41.05,53.25,,D
Jenna White,24,97.16,44.78,88.83,28.19,53.9,,A
Richard Nunez,20,90.99,37.06,21.22,84.51,86.04,,D
Jonathan Hughes,19,95.9,23.21,54.26,60.71,72.4,,B
Jean French,20,16.67,12.93,30.07,10.69,4.55,,D
Barbara Hill,23,53.31,27.3,64.82,62.91,94.65,,F
Danielle Taylor,19,62.77,44.38,40.73,48.93,9.61,,E
Samantha Jones,18,62.42,46.02,75.64,59.02,19.59,,D
Ashley Lawrence,19,10.78,9.86,79.36,57.73,43.73,,C
Amber Dixon,25,84.75,54.55,84.69,44.44,53.43,,A
Jonathan Edwards,25,51.62,39.32,49.5,33.86,97.11,,B
Richard Solis,25,97.36,41.48,61.72,14.41,49.2,,E
Benjamin Ramirez,23,91.64,27.85,9.13,39.23,43.43,,F
Alejandro Williams,25,50.64,25.47,88.57,94.9,58.86,,B
Austin Morris,18,15.23,84.06,18.18,0.44,67.0,,E
Kenneth Miles MD,20,75.64,0.13,15.67,23.55,17.76,,E
Sophia Peterson,22,61.31,83.75,50.94,15.28,20.32,,A
Marcus Holmes,23,35.38,45.47,90.68,46.95,80.59,,A
Joseph Smith,23,54.16,63.38,1.58,22.42,29.88,,C
Tony Nunez,25,98.28,40.75,28.53,14.9,80.7,,B
Kenneth Rodriguez,25,7.19,37.95,21.77,53.77,43.73,,A
Marcia Reyes,24,8.35,99.41,51.58,43.14,31.46,,C
Brett Williams,22,89.09,39.9,97.42,45.86,10.1,,F
Anthony Lewis,25,48.17,69.08,13.24,82.06,53.23,,B
Amanda Johnson,18,9.78,47.5,93.82,71.61,40.25,,C
Shannon Crosby,19,25.97,69.71,11.61,33.84,7.23,,C
Derek Green,21,8.01,55.15,56.82,24.1,62.09,,E
Mary Blackburn,20,53.01,95.57,22.9,59.74,77.71,,B
Kelly Joseph,25,22.78,56.28,22.66,84.13,8.51,,B
Joshua Blackwell,23,50.64,71.89,92.48,15.13,76.54,,D
Andrew Casey,24,57.2,86.97,18.3,39.58,35.85,,D
Jonathan Simmons,24,29.14,97.58,86.67,39.09,4.15,,D
Evan Copeland,24,47.69,70.96,96.27,10.79,97.45,,A
James Crawford,22,10.18,6.96,3.32,93.98,52.32,,E
Rita Bishop,23,20.48,30.56,38.04,48.17,55.73,,A
Lisa Hale,19,43.54,89.63,28.86,42.1,25.0,,B
Brenda Gallagher,18,28.15,70.96,23.0,18.84,16.41,,F
Richard Leon,25,82.13,23.46,90.85,87.04,94.8,,E
Donald Smith,25,29.37,82.58,91.66,77.3,2.06,,B
Nancy Brown,20,3.99,35.09,50.05,17.96,53.45,,D
Theresa Ballard,20,71.92,95.13,33.0,80.6,53.35,,B
Zoe Odom,22,44.5,91.63,3.7,21.71,31.37,,F
Desiree Vazquez,21,37.27,91.07,63.7,89.15,89.44,,D
Robert Lewis,25,52.13,53.2,32.81,38.45,15.04,,E
Steven Lane,25,23.39,54.0,20.47,32.92,57.14,,F
Jessica Cook,21,12.24,67.78,30.65,61.47,78.78,,E
Erin Goodman,22,19.6,61.83,60.82,39.87,90.01,,D
Linda Reese,23,99.28,17.02,73.43,71.99,5.85,,C
Erika Ruiz,21,64.55,84.29,57.76,59.61,40.74,,F
Eduardo Chung,21,78.15,23.23,78.99,66.89,59.07,,D
Julie Burch,21,59.38,27.68,9.66,63.15,96.7,,A
Kelly Hill,21,43.63,17.28,99.24,99.36,51.67,,B
Wayne Gillespie,18,53.83,46.65,85.95,54.05,83.39,,D
Nicholas Wang,20,70.52,60.47,64.73,61.81,58.02,,B
Christy Stewart,19,25.39,34.27,33.36,43.18,29.45,,E
Shannon Parker,23,0.99,10.7,70.01,68.97,76.98,,D
Christopher Murray,21,71.18,53.55,69.36,77.55,45.48,,F
Michelle Benjamin,22,52.53,22.42,82.47,92.17,48.63,,E
Nathan Buckley,25,77.32,10.16,22.88,48.21,26.95,,D
Jordan Jackson,19,91.19,14.38,54.82,19.7,90.02,,C
Justin Clarke,25,59.69,66.1,78.5,21.7,48.87,,D
Sean Heath,20,9.4,18.28,7.3,98.63,55.01,,B
Jessica Johns,24,19.97,22.47,17.57,4.31,18.5,,D
Veronica Benson,18,54.26,69.26,54.64,23.28,27.75,,C
James Smith,22,18.76,53.49,4.89,7.04,7.39,,B
Gregory Bradley,23,52.98,36.24,30.87,72.27,17.79,,D
Randall Knight,20,8.24,34.12,23.52,96.79,56.41,,F
Todd Lester,22,83.67,83.77,87.86,80.67,82.48,,B
Matthew Watts,20,7.16,63.77,18.58,69.34,71.96,,F
Amber White,25,15.67,97.33,60.13,36.46,63.17,,D
John Chung,25,6.82,15.13,71.93,10.92,20.2,,A
David Franklin,21,1.97,35.02,62.18,78.07,94.5,,A
Alex Kelly,25,73.03,98.27,60.6,78.17,38.33,,E
Catherine Mitchell,19,47.18,16.83,94.25,91.72,5.6,,F
Michele Lewis,20,50.15,93.26,49.39,53.19,58.27,,F
Jacob Harris,18,19.17,36.64,8.96,21.5,66.5,,D
Kyle Bradshaw,18,11.54,16.96,29.24,12.79,62.49,,D
Deborah Benton,23,98.79,59.26,31.05,6.14,89.65,,D
Jesus Cox,19,84.99,82.36,58.89,62.09,0.4,,A
Jessica Thompson,24,19.62,13.46,10.02,23.88,5.13,,A
Thomas Payne,18,56.07,14.75,77.81,14.32,47.62,,F
Jason Richardson,20,20.0,39.99,22.37,62.63,11.86,,D
Ashley Glenn,18,84.4,43.29,83.37,77.08,9.57,,E
Marcus Gutierrez,24,62.04,86.29,65.76,73.21,87.28,,E
Tammy Adams,18,37.38,68.03,42.67,28.6,87.81,,A
Debbie Davis,18,69.91,84.53,20.97,38.74,12.22,,A
Scott Wilson,21,91.03,5.43,21.1,63.42,57.64,,B
Kathryn Jones,18,29.59,51.03,65.64,51.07,32.05,,F
Sarah Mcintosh,19,81.0,31.88,49.57,40.42,9.4,,E
Sheryl Davis,19,38.5,25.69,46.09,9.56,97.06,,F
Dakota Graham,24,45.27,54.36,84.66,40.99,4.28,,C
Nicole Caldwell,18,30.74,92.41,84.39,30.15,72.81,,C
Brandon Mckay,21,86.07,51.73,93.09,74.82,30.63,,E
Jonathan Smith,22,82.32,88.27,17.95,16.94,93.58,,B
Pamela Barton,20,86.06,38.9,98.9,73.98,80.91,,F
Grace Matthews,21,84.53,19.28,14.35,86.86,6.28,,E
Miguel Fisher,25,86.52,78.52,27.68,75.35,5.73,,D
Sarah Bender,18,34.61,81.85,53.18,26.81,2.97,,F
Andrew Armstrong,23,68.32,41.96,87.9,61.7,81.5,,F
Lisa Reyes,20,31.16,65.68,21.22,49.82,79.07,,D
Mason Collins,20,41.24,96.51,67.92,80.65,75.9,,A
Cynthia Brown,18,63.62,78.52,98.05,53.78,73.85,,F
Carolyn Walker,19,15.3,81.76,78.53,82.82,31.75,,B
Robert Hall,18,49.26,3.28,65.3,31.4,59.71,,A
Steven Davis,21,77.88,36.31,63.25,64.2,90.12,,B
Andrew Rodriguez,24,31.14,61.37,37.4,34.84,27.41,,F
Robert Bell,24,18.74,2.48,76.64,19.21,80.19,,E
Denise Williams,21,83.6,11.46,79.46,49.85,8.18,,A
Kelly Ortega,24,62.95,22.71,61.94,8.35,57.55,,A
Vanessa Andrews,20,24.63,55.18,79.68,65.27,3.89,,E
Melinda Garcia,24,45.7,1.06,77.04,82.48,45.78,,F
Matthew Bender,21,62.16,46.22,19.01,35.89,99.11,,E
Tony Jackson,22,32.39,76.76,94.92,35.43,84.71,,B
Sheena Johnson,25,42.12,47.55,48.97,52.59,29.08,,F
Amanda Parker,24,62.98,86.4,12.84,96.18,83.69,,E
Taylor Garcia,24,67.14,99.11,90.44,5.13,72.7,,E
Logan Burgess,20,64.06,72.51,9.13,41.82,90.03,,E
Mike Davis,25,37.91,74.9,80.71,89.55,45.95,,F
Cathy Booth,23,88.58,47.65,44.09,61.16,72.44,,C
William Hall,19,44.36,47.98,92.5,93.76,16.17,,B
Angela Clark,24,59.44,10.84,13.61,67.93,85.24,,F
Justin Douglas,18,85.55,51.05,36.8,43.46,69.88,,D
Leah Williams,21,16.64,72.57,64.17,46.26,58.7,,D
Gary Randall,24,98.17,39.56,90.81,49.26,60.63,,B
Nicholas Thomas,25,91.86,67.54,2.88,31.34,15.1,,F
Matthew Allen,23,33.1,34.77,21.08,17.74,63.84,,D
Laura Downs,19,10.11,97.74,45.91,81.04,84.64,,C
Melanie Robinson,24,82.83,74.55,77.26,66.01,90.95,,A
Catherine Ortiz,21,38.74,6.73,43.32,38.8,89.8,,B
David Goodwin,19,62.11,59.17,33.22,67.7,91.45,,E
Gregory Moses,21,84.81,15.8,91.91,44.72,74.45,,E
Anthony Wang,19,36.16,8.59,22.91,25.02,58.97,,D
Lisa Wilson,22,86.61,64.51,8.95,91.88,25.03,,C
Vickie Jones,20,61.8,49.73,93.49,10.21,63.78,,C
Brandon Lopez,21,44.39,2.65,82.86,46.17,60.18,,A
Juan Carr,23,25.95,93.49,97.93,70.12,64.09,,A
Max Jennings,18,16.07,49.0,32.01,7.18,81.58,,F
Hannah Walton,18,17.47,60.17,30.67,55.27,31.83,,E
Ryan Mueller,23,88.2,25.96,42.95,2.95,54.28,,E
Rachel Wilkinson,24,43.39,27.46,24.47,17.46,71.92,,A
Tony Briggs,19,98.55,96.28,72.71,48.4,74.74,,B
Brandon Garcia,25,2.59,19.12,60.38,78.22,41.28,,D
Gabriel Jackson,18,83.53,66.39,50.98,52.35,82.65,,A
Jeanne Cobb,24,68.27,34.62,15.93,62.52,5.16,,B
Sean Luna,24,83.09,46.98,23.74,37.04,16.13,,A
Holly Young,22,25.08,75.96,60.61,37.74,96.49,,B
Holly Martin,21,50.21,4.69,95.17,0.6,77.22,,C
Xavier Stanton,23,80.01,59.95,70.63,5.85,71.38,,D
Paul Perez,24,80.94,65.08,1.27,77.31,5.3,,B
Amanda King,21,26.74,7.61,5.02,47.23,38.71,,A
Erik Mccarty,21,10.29,15.77,39.91,59.5,16.56,,F
Phillip Reeves,22,79.02,17.53,0.42,24.29,46.22,,D
David Yates,21,34.48,81.54,30.19,85.7,34.53,,E
Jennifer Smith,22,92.17,72.73,43.56,40.67,62.32,,C
Dawn Gonzalez,25,36.83,7.23,67.15,78.64,95.41,,B
Jonathan Ball,18,29.72,41.97,97.71,37.26,95.59,,D
John Shaffer,22,33.99,13.85,67.78,34.54,66.98,,A
Rhonda Kennedy,18,65.45,95.07,33.66,30.13,97.36,,B
Susan Wallace,22,36.35,28.54,46.26,81.28,40.84,,B
David Hayes,18,57.57,38.66,2.57,18.64,59.72,,B
Jesus Ortiz,22,20.96,9.78,28.91,4.63,92.34,,C
Jasmine Walton,21,36.06,67.83,50.48,16.56,96.99,,F
Leah Ray,19,2.04,12.11,10.84,39.99,37.04,,E
Alexandra Doyle,19,60.93,0.75,75.0,87.53,34.81,,D
Allen Johnson,19,93.54,36.57,87.18,33.01,59.88,,D
Christopher Perez,24,58.7,84.52,2.41,81.33,59.79,,B
Valerie Shaw,21,79.81,80.45,36.36,83.22,59.43,,A
Troy Wade,19,54.95,30.67,96.37,62.78,80.38,,E
Ronald Martin,22,27.32,69.97,40.39,21.29,77.13,,A
Keith Gray,18,70.33,94.98,2.82,50.99,73.28,,D
Pamela Mullins,23,81.82,86.38,13.94,0.9,9.65,,D
Kim Simpson,19,24.13,38.17,50.95,71.79,1.64,,E
Frances Henry,20,45.16,63.36,70.05,44.15,33.44,,C
Kelly Hunter,19,9.39,9.97,91.58,4.0,32.31,,A
Sarah Jones,19,6.1,32.82,37.67,19.33,25.34,,A
Veronica Thompson,25,90.8,50.37,69.2,73.7,64.63,,F
Jeanne Howe,18,2.81,12.3,8.89,81.89,48.99,,F
Dr. Nicole Garcia,19,4.33,0.1,48.54,80.07,21.0,,B
Holly Duran,18,17.47,25.24,90.72,97.74,99.04,,B
Susan Mclaughlin,19,1.92,20.98,96.12,26.61,24.5,,A
Carolyn Diaz,18,91.96,24.28,31.35,90.51,72.79,,D
Pamela Stewart,24,38.16,68.34,84.82,4.63,53.81,,F
Sheila Davis,19,77.56,64.36,69.98,65.34,10.23,,C
Justin Thomas,19,80.03,13.44,95.26,99.63,42.41,,C
Walter Gregory,22,10.74,30.32,33.1,82.86,98.22,,A
Kristie Jimenez,18,4.99,64.07,0.17,89.13,24.41,,F
James Jordan,25,39.69,87.91,30.16,9.2,85.22,,F
Thomas Fields,24,60.24,22.11,83.82,83.3,69.62,,E
Manuel Alvarez II,18,13.39,24.39,22.1,29.09,83.3,,A
Katie Rogers,20,31.09,59.83,51.2,24.61,90.29,,B
Julia Nelson DVM,23,84.44,0.71,29.3,94.35,52.01,,A
Matthew Snyder,21,51.88,9.09,60.9,23.37,32.78,,C
Christine Valentine,20,3.95,89.06,60.45,44.97,34.26,,A
Tiffany Phillips,22,4.9,95.21,53.77,18.87,78.42,,D
Kimberly Webster,23,93.31,86.21,54.38,86.06,55.18,,C
Daniel Cox,21,12.0,27.74,53.8,89.8,26.68,,D
Corey Rogers,21,75.78,18.94,54.47,74.36,57.76,,F
Zoe Crosby,18,23.64,24.95,86.74,42.43,95.49,,A
Charles Powell,24,54.95,20.0,21.58,97.76,24.31,,A
Robin Ortiz,21,64.62,82.84,72.43,42.98,84.26,,B
Nathan Mitchell,21,85.23,59.29,98.13,34.98,52.64,,D
Sarah Smith,22,34.92,5.91,9.97,35.24,1.01,,B
Melissa Chavez,20,26.22,37.2,45.44,34.79,4.37,,A
Sharon Mathews,18,15.36,4.38,20.23,20.22,30.04,,B
Andrea Wise,24,34.59,15.21,15.3,60.26,74.98,,B
Karen Stanley,20,47.44,51.23,30.37,48.26,40.22,,A
Michael Miller,20,50.14,53.21,76.91,1.56,45.0,,C
Thomas Jackson,23,77.04,15.08,99.15,36.26,86.15,,F
Jasmine Riddle,20,58.57,0.92,35.48,57.6,67.3,,E
Zachary Wiggins,19,13.01,61.09,31.08,3.6,71.21,,C
Brian Johnson,21,65.73,33.36,67.23,60.86,3.2,,D
Angel White,20,10.42,17.37,48.76,38.78,64.97,,D
Elizabeth Baird,20,91.93,93.83,95.27,5.89,67.49,,B
Julie Snyder,20,96.89,38.28,59.71,86.53,60.87,,F
Kerry Myers,21,86.66,86.87,65.23,14.32,74.6,,D
Tracy Gomez,25,62.74,18.24,87.87,36.58,89.6,,F
John Campos,22,14.73,34.64,1.01,75.83,23.01,,D
Katrina Thomas,19,23.11,63.25,55.46,20.45,27.23,,B
Jennifer Pollard,19,40.26,62.06,43.07,39.87,28.02,,A
Crystal Wilson,23,44.27,6.87,80.27,25.73,41.55,,D
Ryan Mcbride,19,28.39,25.17,47.77,48.62,43.41,,A
Sarah Santos,24,89.58,85.99,44.54,21.4,77.36,,F
Ashley Ray,23,24.28,4.0,11.16,87.49,84.27,,A
Jose Watson,18,0.01,56.52,25.92,22.74,95.72,,B
Sarah Charles,22,76.81,12.31,32.1,74.02,59.28,,D
Michele Lane,20,54.66,27.7,73.54,23.68,92.22,,E
Nicholas Ferguson,24,54.79,55.27,65.03,68.9,40.28,,A
Kimberly Miller,19,73.76,4.09,51.66,19.94,55.53,,D
Linda Navarro,18,75.26,66.46,80.16,62.15,45.68,,C
Dana Moore,21,41.03,48.73,24.02,64.53,45.98,,F
Samuel King MD,21,63.17,59.46,4.49,7.08,8.09,,D
Stephanie Myers,21,44.5,9.49,87.63,22.37,37.42,,E
Timothy Fletcher,24,13.73,98.57,55.75,27.07,84.42,,E
Linda Gordon,21,72.47,68.25,25.27,7.9,22.91,,B
Christine Soto,23,97.66,65.33,85.95,49.34,16.23,,D
Charles Castaneda,24,79.85,64.11,64.26,94.46,12.72,,E
Carla Allen,18,87.05,75.2,60.29,20.09,64.53,,D
Ryan Palmer,24,85.75,44.41,48.25,10.03,74.97,,B
Roger Good,20,39.67,89.12,80.39,4.63,56.64,,C
Theresa Swanson,23,88.32,38.92,78.02,78.72,37.62,,B
Nicole Herman,23,29.27,22.35,70.88,82.98,70.49,,A
William Jones,19,77.87,69.5,66.48,65.79,97.88,,A
Dennis Roberts,23,2.08,34.31,28.46,61.98,75.03,,F
Leslie Robertson,25,94.17,95.17,49.83,43.61,25.79,,F
Jennifer Hoffman,22,44.9,30.24,65.7,84.22,11.42,,D
Stephen Schroeder,22,70.08,7.52,54.37,52.88,59.81,,F
Robert Salinas,25,58.26,52.64,91.8,42.48,15.31,,D
Evan Perry,22,5.18,10.7,59.52,67.86,40.75,,E
Thomas Sosa,21,71.29,14.09,16.91,59.59,42.03,,B
Zachary Scott,25,32.67,44.36,5.86,1.49,4.44,,F
Cameron Randolph,22,17.19,91.08,77.33,5.66,22.23,,C
Christina Jones,20,74.38,53.34,10.45,82.32,48.06,,E
Marc Smith,22,81.09,53.52,99.76,56.38,43.58,,A
Tamara Ruiz,21,41.65,42.13,85.34,76.11,7.22,,F
Tracy Johnson,25,10.27,39.43,58.55,29.57,36.69,,A
Cody Kelley,24,57.58,13.24,46.25,63.93,18.49,,E
Corey Green,22,52.05,65.59,22.5,94.32,81.16,,D
Jordan Rodriguez,18,20.27,26.74,83.44,16.2,42.69,,D
Duane Lopez,19,95.89,24.55,49.87,80.72,92.98,,C
Christopher Figueroa,20,80.83,81.41,68.06,93.82,84.84,,C
William Guerrero,18,6.18,63.24,32.4,1.68,24.3,,E
Lisa Rice,24,76.01,96.12,5.97,71.91,26.14,,B
Eric Garcia,19,96.81,9.56,80.84,87.18,27.58,,B
Sean Gilbert,25,52.29,72.1,2.31,81.46,60.75,,D
Barbara Taylor,25,1.57,18.59,74.88,2.9,36.75,,D
Andrea Gould,24,23.25,54.51,96.76,55.78,38.47,,B
James Lopez,22,97.34,2.62,29.46,59.46,54.96,,B
Alexander Edwards,24,50.91,53.31,65.22,61.46,47.44,,D
Brian Smith,25,66.42,31.35,85.46,9.29,28.61,,F
Peggy Mcdowell,25,93.41,66.1,31.63,81.97,82.55,,E
Bradley Patterson,18,83.76,60.76,45.99,66.42,88.7,,E
Kelsey Lam,23,38.95,70.15,19.65,43.96,46.61,,D
Paul Payne,24,82.28,99.74,85.54,97.57,27.0,,B
Elizabeth Hodge,20,7.78,8.78,1.83,75.04,16.93,,E
Janice Roberson,20,18.99,8.79,7.73,63.22,80.22,,A
Steven Johnson,25,98.97,27.98,97.66,37.31,5.32,,C
Megan Torres,23,4.05,12.12,82.22,48.14,47.02,,C
Stephanie Clarke,19,74.95,32.64,28.38,87.62,46.03,,B
Vanessa Morgan,22,75.49,39.55,70.66,55.31,3.39,,B
Elizabeth Thompson,25,12.31,59.96,97.71,13.97,46.12,,D
Debra Jordan,24,36.66,52.69,28.64,91.87,8.65,,F
Brian Hayes,24,2.0,96.17,47.57,70.27,29.54,,C
Joshua Anderson,23,65.47,47.9,34.82,40.49,29.59,,A
Adam Ingram,18,40.02,80.59,53.69,56.33,13.71,,A
Matthew Schaefer,25,49.98,64.54,0.09,65.34,3.11,,B
Matthew Mills,19,4.46,63.64,53.06,24.08,35.43,,B
Lindsey Johnson,20,1.48,94.78,77.02,35.7,92.26,,A
Gary Henry,22,92.8,4.5,12.2,25.95,45.46,,E
Victor Robbins,25,91.28,39.53,98.75,83.51,70.47,,F
Scott Singh,25,77.19,20.84,27.3,31.13,37.07,,B
Savannah Wolf,20,69.39,51.41,34.66,6.76,97.06,,F
Lisa Summers,22,73.75,74.95,4.54,6.69,34.49,,A
Amy Martinez,24,13.53,12.16,76.5,74.71,76.4,,D
Sara Miller,25,50.97,78.85,45.99,7.68,59.21,,A
Brooke Ford,20,75.87,71.67,14.69,51.88,20.89,,E
Kristen Greene,23,74.43,89.74,41.1,41.59,84.05,,A
Danielle Brown,22,86.87,84.55,22.62,1.91,18.84,,E
Felicia Pena,22,71.53,42.79,45.77,46.27,54.01,,F
Logan Harper,22,84.52,21.46,40.7,0.67,27.27,,B
Catherine Perez,18,95.37,52.09,84.92,23.7,48.8,,B
Marvin Velasquez,20,45.66,22.23,43.12,21.43,80.62,,D
Terry Murphy,20,77.59,73.5,23.36,26.39,88.86,,E
April Phillips,19,91.03,67.16,87.77,68.53,92.65,,E
Jesse Skinner,21,13.22,75.46,50.64,85.21,6.42,,E
Judith Mckay,20,29.35,11.52,23.76,19.45,23.96,,F
Richard Campos,19,57.6,97.39,29.79,45.98,50.73,,D
Brandi Rios,20,56.52,96.61,86.2,94.24,5.88,,C
Jennifer Price,19,41.67,71.64,42.85,2.09,11.01,,E
Kent Carlson,21,82.84,37.11,76.18,29.17,62.37,,A
Rita Warren,18,96.89,57.82,78.78,31.16,27.97,,C
Lisa Simon,21,46.31,56.45,9.51,6.04,11.3,,F
Amanda Porter,20,92.1,90.61,86.03,63.33,59.84,,D
Patrick Jennings,21,85.41,46.65,33.51,39.51,1.29,,B
Amanda Morris,21,85.31,76.4,65.7,91.8,1.87,,F
Raymond Robinson,20,28.56,56.58,66.04,95.22,46.22,,A
Taylor Smith MD,21,51.79,50.63,18.11,62.11,31.95,,F
Madeline Henry,25,37.14,65.87,41.85,63.06,93.52,,C
Kathleen Henson,20,3.05,88.06,26.79,94.06,86.1,,C
Bryan Patel,25,10.83,29.21,42.49,43.47,21.12,,A
Amy Wu,23,73.26,98.63,49.03,20.14,15.91,,A
Gary Garcia,20,0.6,81.0,79.97,38.23,16.21,,F
Christopher Johnson,21,72.7,56.8,75.92,89.75,79.04,,C
David Kelly,19,42.36,26.03,64.12,80.89,66.71,,B
Jill Mata,20,42.67,85.24,67.42,58.6,17.08,,B
Jeffrey Tucker,19,31.71,91.94,73.44,78.97,66.44,,C
Brandon Gay,18,34.24,62.53,79.5,68.88,40.24,,A
Jacob Johnson,18,42.15,97.19,41.96,72.86,12.95,,F
John Warren,20,7.5,26.22,49.26,92.0,32.51,,A
Cody Jones,20,73.89,85.2,73.35,85.11,32.12,,F
Victoria Curtis,22,75.3,52.14,25.82,33.52,54.88,,B
Paul Moore,18,23.27,78.15,91.2,53.49,24.57,,E
Eric Brooks,22,46.26,75.76,6.22,16.0,84.63,,F
Tracie Smith,18,46.64,41.83,4.87,74.78,32.3,,B
David Long,23,57.18,31.46,30.1,87.88,14.13,,C
Richard Gutierrez,24,41.13,19.07,69.07,28.73,55.55,,D
Jimmy Munoz,18,67.9,33.82,68.01,23.41,96.81,,F
Nicole Jones,18,73.87,62.36,32.63,27.64,93.89,,D
Cameron Blackburn,22,3.46,25.78,81.23,62.76,22.9,,B
Collin Golden,19,99.44,89.72,79.51,93.6,24.09,,B
Michael Rodriguez,21,27.67,55.15,34.13,9.54,25.88,,E
Wendy Peck,24,73.78,51.25,2.46,66.74,73.53,,E
Pamela Rogers,25,25.65,29.55,7.5,6.75,14.35,,D
Joann Garcia,23,10.37,21.85,44.48,7.02,54.91,,F
Tiffany Meyer,23,62.74,59.42,39.38,93.63,52.48,,D
Brenda Patrick,21,70.94,71.31,21.52,44.55,81.35,,E
Ruth Hicks,25,18.75,85.46,68.26,92.76,95.18,,B
Jonathan Valdez,21,97.23,29.3,75.37,53.06,19.53,,D
Tamara Lyons,19,98.37,53.64,32.48,57.01,92.33,,F
William Macdonald,19,66.0,69.27,63.66,53.22,62.86,,B
Michael Mccormick,20,33.78,1.27,49.78,58.55,61.54,,F
Crystal Simmons,18,8.39,42.14,9.69,38.2,26.57,,B
Matthew Bailey,24,83.78,84.45,82.01,29.6,46.15,,A
Gregg King,23,43.92,57.69,38.31,18.42,14.34,,F
Patrick Jackson,20,48.07,60.83,90.74,99.34,39.68,,C
